d,,,,,,,,
br,bn,bb,ba,bk,ba,bb,bn,br
--,--,--,--,--,--,--,--,--
--,bc,--,--,--,--,--,bc,--
bp,--,bp,--,bp,--,bp,--,bp
--,--,--,--,--,--,--,--,--
--,--,rp,--,--,--,--,--,--
rp,--,--,--,rp,--,rp,--,rp
--,rc,--,--,--,--,--,rc,--
--,--,--,--,--,--,--,--,--
rr,rn,rb,ra,rk,ra,rb,rn,rr
br,bn,bb,ba,bk,ba,bb,bn,br
--,--,--,--,--,--,--,--,--
--,--,bc,--,--,--,--,bc,--
bp,--,bp,--,bp,--,bp,--,bp
--,--,--,--,--,--,--,--,--
--,--,rp,--,--,--,--,--,--
rp,--,--,--,rp,--,rp,--,rp
--,rc,--,--,--,--,--,rc,--
--,--,--,--,--,--,--,--,--
rr,rn,rb,ra,rk,ra,rb,rn,rr
br,bn,bb,ba,bk,ba,bb,bn,br
--,--,--,--,--,--,--,--,--
--,--,bc,--,--,--,--,bc,--
bp,--,bp,--,bp,--,bp,--,bp
--,--,--,--,--,--,--,--,--
--,--,rp,--,--,--,--,--,--
rp,--,--,--,rp,--,rp,--,rp
--,rc,--,--,rc,--,--,--,--
--,--,--,--,--,--,--,--,--
rr,rn,rb,ra,rk,ra,rb,rn,rr
br,bn,--,ba,bk,ba,bb,bn,br
--,--,--,--,--,--,--,--,--
--,--,bc,--,bb,--,--,bc,--
bp,--,bp,--,bp,--,bp,--,bp
--,--,--,--,--,--,--,--,--
--,--,rp,--,--,--,--,--,--
rp,--,--,--,rp,--,rp,--,rp
--,rc,--,--,rc,--,--,--,--
--,--,--,--,--,--,--,--,--
rr,rn,rb,ra,rk,ra,rb,rn,rr
br,bn,--,ba,bk,ba,bb,bn,br
--,--,--,--,--,--,--,--,--
--,--,bc,--,bb,--,--,bc,--
bp,--,bp,--,rc,--,bp,--,bp
--,--,--,--,--,--,--,--,--
--,--,rp,--,--,--,--,--,--
rp,--,--,--,rp,--,rp,--,rp
--,rc,--,--,--,--,--,--,--
--,--,--,--,--,--,--,--,--
rr,rn,rb,ra,rk,ra,rb,rn,rr
br,bn,--,--,bk,ba,bb,bn,br
--,--,--,--,ba,--,--,--,--
--,--,bc,--,bb,--,--,bc,--
bp,--,bp,--,rc,--,bp,--,bp
--,--,--,--,--,--,--,--,--
--,--,rp,--,--,--,--,--,--
rp,--,--,--,rp,--,rp,--,rp
--,rc,--,--,--,--,--,--,--
--,--,--,--,--,--,--,--,--
rr,rn,rb,ra,rk,ra,rb,rn,rr
br,bn,--,--,bk,ba,bb,bn,br
--,--,--,--,ba,--,--,--,--
--,--,bc,--,bb,--,--,bc,--
bp,--,bp,--,rc,--,bp,--,bp
--,--,--,--,--,--,--,--,--
--,--,rp,--,--,--,--,--,--
rp,--,--,--,rp,--,rp,--,rp
--,rc,--,--,rb,--,--,--,--
--,--,--,--,--,--,--,--,--
rr,rn,--,ra,rk,ra,rb,rn,rr
br,--,--,--,bk,ba,bb,bn,br
--,--,--,bn,ba,--,--,--,--
--,--,bc,--,bb,--,--,bc,--
bp,--,bp,--,rc,--,bp,--,bp
--,--,--,--,--,--,--,--,--
--,--,rp,--,--,--,--,--,--
rp,--,--,--,rp,--,rp,--,rp
--,rc,--,--,rb,--,--,--,--
--,--,--,--,--,--,--,--,--
rr,rn,--,ra,rk,ra,rb,rn,rr
br,--,--,--,bk,ba,bb,bn,br
--,--,--,bn,ba,--,--,--,--
--,--,bc,--,bb,--,--,bc,--
bp,--,bp,--,--,--,bp,--,bp
--,--,--,--,rc,--,--,--,--
--,--,rp,--,--,--,--,--,--
rp,--,--,--,rp,--,rp,--,rp
--,rc,--,--,rb,--,--,--,--
--,--,--,--,--,--,--,--,--
rr,rn,--,ra,rk,ra,rb,rn,rr
--,br,--,--,bk,ba,bb,bn,br
--,--,--,bn,ba,--,--,--,--
--,--,bc,--,bb,--,--,bc,--
bp,--,bp,--,--,--,bp,--,bp
--,--,--,--,rc,--,--,--,--
--,--,rp,--,--,--,--,--,--
rp,--,--,--,rp,--,rp,--,rp
--,rc,--,--,rb,--,--,--,--
--,--,--,--,--,--,--,--,--
rr,rn,--,ra,rk,ra,rb,rn,rr
--,br,--,--,bk,ba,bb,bn,br
--,--,--,bn,ba,--,--,--,--
--,--,bc,--,bb,--,--,bc,--
bp,--,bp,--,--,--,bp,--,bp
--,--,--,--,rc,--,--,--,--
--,--,rp,--,--,--,--,--,--
rp,--,--,--,rp,--,rp,--,rp
--,rc,--,--,rb,--,--,--,--
--,--,--,rn,--,--,--,--,--
rr,--,--,ra,rk,ra,rb,rn,rr
--,br,--,--,bk,ba,bb,bn,--
--,--,--,bn,ba,--,--,--,br
--,--,bc,--,bb,--,--,bc,--
bp,--,bp,--,--,--,bp,--,bp
--,--,--,--,rc,--,--,--,--
--,--,rp,--,--,--,--,--,--
rp,--,--,--,rp,--,rp,--,rp
--,rc,--,--,rb,--,--,--,--
--,--,--,rn,--,--,--,--,--
rr,--,--,ra,rk,ra,rb,rn,rr
--,br,--,--,bk,ba,bb,bn,--
--,--,--,bn,ba,--,--,--,br
--,--,bc,--,bb,--,--,bc,--
bp,--,bp,--,--,--,bp,--,bp
--,--,--,--,rc,--,--,--,--
--,--,rp,--,--,--,--,--,--
rp,--,--,--,rp,--,rp,--,rp
--,rc,--,--,rb,--,rn,--,--
--,--,--,rn,--,--,--,--,--
rr,--,--,ra,rk,ra,rb,--,rr
--,br,--,--,bk,ba,bb,bn,--
--,--,--,bn,ba,br,--,--,--
--,--,bc,--,bb,--,--,bc,--
bp,--,bp,--,--,--,bp,--,bp
--,--,--,--,rc,--,--,--,--
--,--,rp,--,--,--,--,--,--
rp,--,--,--,rp,--,rp,--,rp
--,rc,--,--,rb,--,rn,--,--
--,--,--,rn,--,--,--,--,--
rr,--,--,ra,rk,ra,rb,--,rr
--,br,--,--,bk,ba,bb,bn,--
--,--,--,bn,ba,br,--,--,--
--,--,bc,--,bb,--,--,bc,--
bp,--,bp,--,--,--,bp,--,bp
--,--,--,--,rc,--,--,--,--
--,--,rp,--,--,--,rp,--,--
rp,--,--,--,rp,--,--,--,rp
--,rc,--,--,rb,--,rn,--,--
--,--,--,rn,--,--,--,--,--
rr,--,--,ra,rk,ra,rb,--,rr
--,--,--,--,bk,ba,bb,bn,--
--,--,--,bn,ba,br,--,--,--
--,--,bc,--,bb,--,--,bc,--
bp,--,bp,--,--,--,bp,--,bp
--,br,--,--,rc,--,--,--,--
--,--,rp,--,--,--,rp,--,--
rp,--,--,--,rp,--,--,--,rp
--,rc,--,--,rb,--,rn,--,--
--,--,--,rn,--,--,--,--,--
rr,--,--,ra,rk,ra,rb,--,rr
--,--,--,--,bk,ba,bb,bn,--
--,--,--,bn,ba,br,--,--,--
--,--,bc,--,bb,--,--,bc,--
bp,--,bp,--,--,--,bp,--,bp
--,br,--,--,rc,--,--,--,--
--,--,rp,--,rp,--,rp,--,--
rp,--,--,--,--,--,--,--,rp
--,rc,--,--,rb,--,rn,--,--
--,--,--,rn,--,--,--,--,--
rr,--,--,ra,rk,ra,rb,--,rr
--,--,--,--,bk,ba,bb,bn,--
--,--,--,bn,ba,--,--,--,--
--,--,bc,--,bb,--,--,bc,--
bp,--,bp,--,--,--,bp,--,bp
--,br,--,--,rc,--,--,--,--
--,--,rp,--,rp,--,rp,--,--
rp,--,--,--,--,br,--,--,rp
--,rc,--,--,rb,--,rn,--,--
--,--,--,rn,--,--,--,--,--
rr,--,--,ra,rk,ra,rb,--,rr
--,--,--,--,bk,ba,bb,bn,--
--,--,--,bn,ba,--,--,--,--
--,--,bc,--,bb,--,--,bc,--
bp,--,bp,--,--,--,bp,--,bp
--,br,--,--,rc,--,--,--,--
--,--,rp,--,rp,--,rp,--,--
rp,--,--,--,--,br,--,--,rp
--,--,rc,--,rb,--,rn,--,--
--,--,--,rn,--,--,--,--,--
rr,--,--,ra,rk,ra,rb,--,rr
--,--,--,--,bk,ba,bb,bn,--
--,--,--,bn,ba,--,--,--,--
--,--,bc,--,bb,--,--,bc,--
bp,--,bp,--,--,--,bp,--,bp
--,br,--,--,rc,--,--,--,--
--,--,rp,--,rp,--,rp,--,--
rp,--,--,br,--,--,--,--,rp
--,--,rc,--,rb,--,rn,--,--
--,--,--,rn,--,--,--,--,--
rr,--,--,ra,rk,ra,rb,--,rr
--,--,--,--,bk,ba,bb,bn,--
--,--,--,bn,ba,--,--,--,--
--,--,bc,--,bb,--,--,bc,--
bp,--,bp,--,--,--,bp,--,bp
--,br,--,--,rc,--,--,--,--
--,--,rp,--,rp,--,rp,--,--
rp,--,--,br,--,--,--,--,rp
--,--,rc,--,rb,--,rn,--,--
--,--,--,rn,--,--,--,--,--
--,rr,--,ra,rk,ra,rb,--,rr
--,--,--,--,bk,ba,bb,bn,--
--,--,--,bn,ba,--,--,--,--
--,--,bc,--,bb,--,--,bc,--
bp,--,bp,--,--,--,bp,--,bp
--,--,--,--,rc,--,--,--,--
--,--,rp,--,rp,--,rp,--,--
rp,--,--,br,--,--,--,--,rp
--,--,rc,--,rb,--,rn,--,--
--,--,--,rn,--,--,--,--,--
--,br,--,ra,rk,ra,rb,--,rr
--,--,--,--,bk,ba,bb,bn,--
--,--,--,bn,ba,--,--,--,--
--,--,bc,--,bb,--,--,bc,--
bp,--,bp,--,--,--,bp,--,bp
--,--,--,--,rc,--,--,--,--
--,--,rp,--,rp,--,rp,--,--
rp,--,--,br,--,--,--,--,rp
--,--,rc,--,rb,--,rn,--,--
--,--,--,--,--,--,--,--,--
--,rn,--,ra,rk,ra,rb,--,rr
--,--,--,--,bk,ba,bb,--,--
--,--,--,bn,ba,--,--,--,--
--,--,bc,--,bb,--,--,bc,bn
bp,--,bp,--,--,--,bp,--,bp
--,--,--,--,rc,--,--,--,--
--,--,rp,--,rp,--,rp,--,--
rp,--,--,br,--,--,--,--,rp
--,--,rc,--,rb,--,rn,--,--
--,--,--,--,--,--,--,--,--
--,rn,--,ra,rk,ra,rb,--,rr
--,--,--,--,bk,ba,bb,--,--
--,--,--,bn,ba,--,--,--,--
--,--,bc,--,bb,--,--,bc,bn
bp,--,bp,--,--,--,bp,--,bp
--,--,--,--,rc,--,--,--,--
--,--,rp,--,rp,--,rp,--,--
rp,--,--,br,--,--,--,--,rp
--,--,rc,--,rb,--,rn,--,--
--,--,--,--,--,--,--,--,rr
--,rn,--,ra,rk,ra,rb,--,--
--,--,--,--,bk,ba,bb,--,--
--,--,--,bn,ba,--,--,--,--
--,--,bc,--,bb,--,--,bc,bn
bp,--,bp,--,--,--,bp,--,bp
--,--,--,--,rc,--,--,--,--
--,--,rp,br,rp,--,rp,--,--
rp,--,--,--,--,--,--,--,rp
--,--,rc,--,rb,--,rn,--,--
--,--,--,--,--,--,--,--,rr
--,rn,--,ra,rk,ra,rb,--,--
--,--,--,--,bk,ba,bb,--,--
--,--,--,bn,ba,--,--,--,--
--,--,bc,--,bb,--,--,bc,bn
bp,--,bp,--,--,--,bp,--,bp
--,--,--,--,rc,--,--,--,--
--,--,rp,br,rp,--,rp,--,--
rp,--,--,--,--,--,--,--,rp
--,--,rc,--,rb,--,rn,--,--
--,--,--,rr,--,--,--,--,--
--,rn,--,ra,rk,ra,rb,--,--
--,--,--,--,bk,ba,bb,--,--
--,--,--,bn,ba,--,--,--,--
--,--,bc,--,bb,--,--,bc,bn
bp,--,bp,--,--,--,bp,--,bp
--,--,--,--,rc,--,--,--,--
--,--,rp,--,br,--,rp,--,--
rp,--,--,--,--,--,--,--,rp
--,--,rc,--,rb,--,rn,--,--
--,--,--,rr,--,--,--,--,--
--,rn,--,ra,rk,ra,rb,--,--
--,--,--,--,bk,ba,bb,--,--
--,--,--,bn,ba,--,--,--,--
--,--,bc,--,bb,--,--,bc,bn
bp,--,bp,--,--,--,bp,--,bp
--,--,--,--,--,--,--,rc,--
--,--,rp,--,br,--,rp,--,--
rp,--,--,--,--,--,--,--,rp
--,--,rc,--,rb,--,rn,--,--
--,--,--,rr,--,--,--,--,--
--,rn,--,ra,rk,ra,rb,--,--
--,--,--,--,bk,ba,bb,--,--
--,--,--,--,ba,--,--,--,--
--,--,bc,--,bb,--,--,bc,bn
bp,--,bp,--,bn,--,bp,--,bp
--,--,--,--,--,--,--,rc,--
--,--,rp,--,br,--,rp,--,--
rp,--,--,--,--,--,--,--,rp
--,--,rc,--,rb,--,rn,--,--
--,--,--,rr,--,--,--,--,--
--,rn,--,ra,rk,ra,rb,--,--
--,--,--,--,bk,ba,bb,--,--
--,--,--,--,ba,--,--,--,--
--,--,bc,--,bb,--,--,bc,bn
bp,--,bp,--,bn,--,bp,--,bp
--,--,--,--,--,--,--,--,--
--,--,rp,--,br,--,rp,rc,--
rp,--,--,--,--,--,--,--,rp
--,--,rc,--,rb,--,rn,--,--
--,--,--,rr,--,--,--,--,--
--,rn,--,ra,rk,ra,rb,--,--
--,--,--,--,bk,ba,bb,--,--
--,--,--,--,ba,--,--,--,--
--,--,bc,--,bb,--,--,bc,bn
bp,--,bp,--,bn,--,bp,--,bp
--,--,--,--,br,--,--,--,--
--,--,rp,--,--,--,rp,rc,--
rp,--,--,--,--,--,--,--,rp
--,--,rc,--,rb,--,rn,--,--
--,--,--,rr,--,--,--,--,--
--,rn,--,ra,rk,ra,rb,--,--
--,--,--,--,bk,ba,bb,--,--
--,--,--,--,ba,--,--,--,--
--,--,bc,--,bb,--,--,bc,bn
bp,--,bp,rr,bn,--,bp,--,bp
--,--,--,--,br,--,--,--,--
--,--,rp,--,--,--,rp,rc,--
rp,--,--,--,--,--,--,--,rp
--,--,rc,--,rb,--,rn,--,--
--,--,--,--,--,--,--,--,--
--,rn,--,ra,rk,ra,rb,--,--
--,--,--,--,bk,ba,bb,--,--
--,--,--,--,ba,--,--,--,--
--,--,bc,--,bb,--,--,--,bn
bp,--,bp,rr,bn,--,bp,bc,bp
--,--,--,--,br,--,--,--,--
--,--,rp,--,--,--,rp,rc,--
rp,--,--,--,--,--,--,--,rp
--,--,rc,--,rb,--,rn,--,--
--,--,--,--,--,--,--,--,--
--,rn,--,ra,rk,ra,rb,--,--
--,--,--,--,bk,ba,bb,--,--
--,--,--,--,ba,--,--,--,--
--,--,bc,--,bb,--,--,--,bn
bp,--,bp,rr,bn,--,bp,bc,bp
--,--,--,--,br,--,--,--,--
--,--,rp,--,--,--,rp,--,--
rp,--,--,--,--,--,--,--,rp
--,--,rc,--,rb,--,rn,--,--
--,--,--,--,--,--,--,rc,--
--,rn,--,ra,rk,ra,rb,--,--
--,--,--,--,bk,ba,bb,--,--
--,--,--,--,ba,--,--,--,--
--,--,--,--,bb,--,--,--,bn
bp,--,bp,rr,bn,--,bp,bc,bp
--,--,--,--,br,--,--,--,--
--,--,bc,--,--,--,rp,--,--
rp,--,--,--,--,--,--,--,rp
--,--,rc,--,rb,--,rn,--,--
--,--,--,--,--,--,--,rc,--
--,rn,--,ra,rk,ra,rb,--,--
--,--,--,--,bk,ba,bb,--,--
--,--,--,--,ba,--,--,--,--
--,--,--,--,bb,--,--,--,bn
bp,--,bp,--,bn,--,bp,bc,bp
--,--,--,--,br,--,--,--,--
--,--,bc,rr,--,--,rp,--,--
rp,--,--,--,--,--,--,--,rp
--,--,rc,--,rb,--,rn,--,--
--,--,--,--,--,--,--,rc,--
--,rn,--,ra,rk,ra,rb,--,--
--,--,--,--,bk,ba,bb,--,--
--,--,--,--,ba,--,--,--,--
--,--,--,--,bb,--,--,--,bn
bp,--,bp,--,bn,--,bp,bc,bp
--,--,--,--,--,--,--,br,--
--,--,bc,rr,--,--,rp,--,--
rp,--,--,--,--,--,--,--,rp
--,--,rc,--,rb,--,rn,--,--
--,--,--,--,--,--,--,rc,--
--,rn,--,ra,rk,ra,rb,--,--
--,--,--,--,bk,ba,bb,--,--
--,--,--,--,ba,--,--,--,--
--,--,--,--,bb,--,--,--,bn
bp,--,bp,--,bn,--,bp,bc,bp
--,--,--,--,--,--,--,br,--
--,--,rr,--,--,--,rp,--,--
rp,--,--,--,--,--,--,--,rp
--,--,rc,--,rb,--,rn,--,--
--,--,--,--,--,--,--,rc,--
--,rn,--,ra,rk,ra,rb,--,--
--,--,--,--,bk,ba,bb,--,--
--,--,--,--,ba,--,--,--,--
--,--,--,--,bb,--,--,--,bn
bp,--,bp,--,bn,--,bp,bc,bp
--,--,--,--,--,--,--,--,--
--,--,rr,--,--,--,rp,--,--
rp,--,--,--,--,--,--,--,rp
--,--,rc,--,rb,--,rn,--,--
--,--,--,--,--,--,--,br,--
--,rn,--,ra,rk,ra,rb,--,--
--,--,--,--,bk,ba,bb,--,--
--,--,--,--,ba,--,--,--,--
--,--,--,--,bb,--,--,--,bn
bp,--,bp,--,bn,--,bp,bc,bp
--,--,--,--,--,--,--,--,--
--,--,rr,--,--,--,rp,--,--
rp,--,--,--,--,--,--,--,rp
--,--,rc,--,rb,--,rn,--,--
--,--,--,--,ra,--,--,br,--
--,rn,--,--,rk,ra,rb,--,--
--,--,--,--,bk,ba,bb,--,--
--,--,--,--,ba,--,--,--,--
--,--,--,--,bb,--,--,--,bn
bp,--,bp,--,bn,--,bp,bc,bp
--,--,--,--,--,--,--,--,--
--,--,rr,--,--,--,rp,--,--
rp,--,--,--,--,--,--,br,rp
--,--,rc,--,rb,--,rn,--,--
--,--,--,--,ra,--,--,--,--
--,rn,--,--,rk,ra,rb,--,--
--,--,--,--,bk,ba,bb,--,--
--,--,--,--,ba,--,--,--,--
--,--,--,--,bb,--,--,--,bn
bp,--,bp,--,bn,--,bp,bc,bp
--,--,--,--,--,--,--,--,--
--,--,rr,--,--,--,rp,--,--
rp,--,--,--,--,--,--,br,rp
--,--,rc,--,rb,--,rn,--,--
--,--,--,rn,ra,--,--,--,--
--,--,--,--,rk,ra,rb,--,--
--,--,--,--,bk,ba,bb,--,--
--,--,--,--,ba,--,--,--,--
--,--,--,--,bb,--,--,--,bn
bp,--,bp,--,bn,--,bp,bc,bp
--,--,--,--,--,--,--,--,--
--,--,rr,--,--,--,rp,--,--
rp,--,--,br,--,--,--,--,rp
--,--,rc,--,rb,--,rn,--,--
--,--,--,rn,ra,--,--,--,--
--,--,--,--,rk,ra,rb,--,--
--,--,--,--,bk,ba,bb,--,--
--,--,--,--,ba,--,--,--,--
--,--,--,--,bb,--,--,--,bn
bp,--,bp,--,bn,--,bp,bc,bp
--,--,--,--,--,--,--,--,--
--,--,rr,--,--,--,rp,--,--
rp,--,--,br,rn,--,--,--,rp
--,--,rc,--,rb,--,rn,--,--
--,--,--,--,ra,--,--,--,--
--,--,--,--,rk,ra,rb,--,--
--,--,--,--,bk,ba,bb,--,--
--,--,--,--,ba,--,--,--,--
--,--,--,--,bb,--,--,--,bn
bp,--,--,--,bn,--,bp,bc,bp
--,--,bp,--,--,--,--,--,--
--,--,rr,--,--,--,rp,--,--
rp,--,--,br,rn,--,--,--,rp
--,--,rc,--,rb,--,rn,--,--
--,--,--,--,ra,--,--,--,--
--,--,--,--,rk,ra,rb,--,--
--,--,--,--,bk,ba,bb,--,--
--,--,--,--,ba,--,--,--,--
--,--,--,--,bb,--,--,--,bn
bp,--,--,--,bn,--,bp,bc,bp
--,--,bp,--,--,--,--,--,--
--,rr,--,--,--,--,rp,--,--
rp,--,--,br,rn,--,--,--,rp
--,--,rc,--,rb,--,rn,--,--
--,--,--,--,ra,--,--,--,--
--,--,--,--,rk,ra,rb,--,--
--,--,--,--,bk,ba,bb,--,--
--,--,--,--,ba,--,--,--,--
--,--,--,--,bb,--,--,--,bn
bp,--,--,--,--,--,bp,bc,bp
--,--,bp,--,--,--,--,--,--
--,rr,--,bn,--,--,rp,--,--
rp,--,--,br,rn,--,--,--,rp
--,--,rc,--,rb,--,rn,--,--
--,--,--,--,ra,--,--,--,--
--,--,--,--,rk,ra,rb,--,--
--,--,--,--,bk,ba,bb,--,--
--,--,--,--,ba,--,--,--,--
--,--,--,--,bb,--,--,--,bn
bp,--,--,--,--,--,bp,bc,bp
--,--,bp,--,--,--,--,--,--
--,rr,--,bn,--,--,rp,--,--
rp,--,--,br,rn,--,--,--,rp
--,--,--,rc,rb,--,rn,--,--
--,--,--,--,ra,--,--,--,--
--,--,--,--,rk,ra,rb,--,--
--,--,--,--,bk,ba,bb,--,--
--,--,--,--,ba,--,--,--,--
--,--,--,--,bb,--,--,--,bn
bp,--,--,--,--,--,bp,bc,bp
--,--,bp,--,--,--,--,--,--
--,rr,--,--,--,--,rp,--,--
rp,bn,--,br,rn,--,--,--,rp
--,--,--,rc,rb,--,rn,--,--
--,--,--,--,ra,--,--,--,--
--,--,--,--,rk,ra,rb,--,--
--,--,--,--,bk,ba,bb,--,--
--,--,--,--,ba,--,--,--,--
--,--,--,--,bb,--,--,--,bn
bp,--,--,--,--,--,bp,bc,bp
--,--,bp,--,--,--,--,--,--
--,rr,--,--,--,--,rp,--,--
rp,bn,--,br,rn,--,--,--,rp
--,rc,--,--,rb,--,rn,--,--
--,--,--,--,ra,--,--,--,--
--,--,--,--,rk,ra,rb,--,--
--,--,--,--,bk,ba,bb,--,--
--,--,--,--,ba,--,--,--,--
--,--,--,--,bb,--,--,--,bn
bp,--,--,--,--,--,--,bc,bp
--,--,bp,--,--,--,bp,--,--
--,rr,--,--,--,--,rp,--,--
rp,bn,--,br,rn,--,--,--,rp
--,rc,--,--,rb,--,rn,--,--
--,--,--,--,ra,--,--,--,--
--,--,--,--,rk,ra,rb,--,--
--,--,--,--,bk,ba,bb,--,--
--,--,--,--,ba,--,--,--,--
--,--,--,--,bb,--,--,--,bn
bp,--,--,--,--,--,--,bc,bp
--,--,bp,--,--,--,rp,--,--
--,rr,--,--,--,--,--,--,--
rp,bn,--,br,rn,--,--,--,rp
--,rc,--,--,rb,--,rn,--,--
--,--,--,--,ra,--,--,--,--
--,--,--,--,rk,ra,rb,--,--
--,--,--,--,bk,ba,bb,--,--
--,--,--,--,ba,--,--,--,--
--,--,--,--,--,--,--,--,bn
bp,--,--,--,--,--,--,bc,bp
--,--,bp,--,--,--,bb,--,--
--,rr,--,--,--,--,--,--,--
rp,bn,--,br,rn,--,--,--,rp
--,rc,--,--,rb,--,rn,--,--
--,--,--,--,ra,--,--,--,--
--,--,--,--,rk,ra,rb,--,--
--,--,--,--,bk,ba,bb,--,--
--,--,--,--,ba,--,--,--,--
--,--,--,--,--,--,--,--,bn
bp,--,--,--,--,--,--,bc,bp
--,--,bp,--,--,--,bb,--,--
--,rr,--,--,--,--,rn,--,--
rp,bn,--,br,--,--,--,--,rp
--,rc,--,--,rb,--,rn,--,--
--,--,--,--,ra,--,--,--,--
--,--,--,--,rk,ra,rb,--,--
--,--,--,--,bk,ba,bb,--,--
--,--,--,--,ba,--,--,--,--
--,--,--,--,--,--,--,--,bn
bp,--,--,--,bc,--,--,--,bp
--,--,bp,--,--,--,bb,--,--
--,rr,--,--,--,--,rn,--,--
rp,bn,--,br,--,--,--,--,rp
--,rc,--,--,rb,--,rn,--,--
--,--,--,--,ra,--,--,--,--
--,--,--,--,rk,ra,rb,--,--
--,--,--,--,bk,ba,bb,--,--
--,--,--,--,ba,--,--,--,--
--,--,--,--,--,--,--,--,bn
bp,--,--,--,bc,--,--,--,bp
--,--,bp,--,--,--,bb,--,--
--,--,--,--,rr,--,rn,--,--
rp,bn,--,br,--,--,--,--,rp
--,rc,--,--,rb,--,rn,--,--
--,--,--,--,ra,--,--,--,--
--,--,--,--,rk,ra,rb,--,--
--,--,--,--,bk,ba,bb,--,--
--,--,--,--,ba,--,--,--,--
--,--,--,--,bc,--,--,--,bn
bp,--,--,--,--,--,--,--,bp
--,--,bp,--,--,--,bb,--,--
--,--,--,--,rr,--,rn,--,--
rp,bn,--,br,--,--,--,--,rp
--,rc,--,--,rb,--,rn,--,--
--,--,--,--,ra,--,--,--,--
--,--,--,--,rk,ra,rb,--,--
--,--,--,--,bk,ba,bb,--,--
--,--,--,--,ba,--,--,--,--
--,--,--,--,bc,--,--,--,bn
bp,--,--,--,--,--,--,--,bp
--,--,bp,--,--,--,bb,--,--
--,--,--,--,--,--,rn,--,--
rp,bn,--,br,rr,--,--,--,rp
--,rc,--,--,rb,--,rn,--,--
--,--,--,--,ra,--,--,--,--
--,--,--,--,rk,ra,rb,--,--
--,--,--,--,bk,ba,bb,--,--
--,--,--,--,ba,--,--,--,--
--,--,--,--,bc,--,--,--,bn
bp,--,--,--,--,--,--,--,bp
--,--,bp,--,--,--,bb,--,--
--,--,--,--,--,--,rn,--,--
rp,bn,--,--,br,--,--,--,rp
--,rc,--,--,rb,--,rn,--,--
--,--,--,--,ra,--,--,--,--
--,--,--,--,rk,ra,rb,--,--
--,--,--,--,bk,ba,bb,--,--
--,--,--,--,ba,--,--,--,--
--,--,--,--,bc,--,--,--,bn
bp,--,--,--,--,--,--,--,bp
--,--,bp,--,--,--,bb,--,--
--,--,--,--,--,--,rn,--,--
rp,bn,--,--,rn,--,--,--,rp
--,rc,--,--,rb,--,--,--,--
--,--,--,--,ra,--,--,--,--
--,--,--,--,rk,ra,rb,--,--
--,--,--,--,bk,ba,bb,--,--
--,--,--,--,ba,--,bn,--,--
--,--,--,--,bc,--,--,--,--
bp,--,--,--,--,--,--,--,bp
--,--,bp,--,--,--,bb,--,--
--,--,--,--,--,--,rn,--,--
rp,bn,--,--,rn,--,--,--,rp
--,rc,--,--,rb,--,--,--,--
--,--,--,--,ra,--,--,--,--
--,--,--,--,rk,ra,rb,--,--
--,--,--,--,bk,ba,bb,--,--
--,--,--,--,ba,--,bn,--,--
--,--,--,--,bc,--,--,--,--
bp,--,--,--,--,--,--,--,bp
--,--,bp,rn,--,--,bb,--,--
--,--,--,--,--,--,rn,--,--
rp,bn,--,--,--,--,--,--,rp
--,rc,--,--,rb,--,--,--,--
--,--,--,--,ra,--,--,--,--
--,--,--,--,rk,ra,rb,--,--
--,--,--,--,bk,ba,bb,--,--
--,--,--,--,ba,--,bn,--,--
bc,--,--,--,--,--,--,--,--
bp,--,--,--,--,--,--,--,bp
--,--,bp,rn,--,--,bb,--,--
--,--,--,--,--,--,rn,--,--
rp,bn,--,--,--,--,--,--,rp
--,rc,--,--,rb,--,--,--,--
--,--,--,--,ra,--,--,--,--
--,--,--,--,rk,ra,rb,--,--
--,--,--,--,bk,ba,bb,--,--
--,--,--,--,ba,--,bn,--,--
bc,--,--,--,--,--,--,--,--
bp,--,--,--,--,--,--,--,bp
--,--,bp,rn,--,--,bb,--,--
--,--,--,--,--,--,rn,--,rp
rp,bn,--,--,--,--,--,--,--
--,rc,--,--,rb,--,--,--,--
--,--,--,--,ra,--,--,--,--
--,--,--,--,rk,ra,rb,--,--
--,--,--,--,bk,ba,bb,--,--
--,--,--,--,ba,--,bn,--,--
--,--,--,--,--,--,--,--,--
bp,--,--,--,--,--,--,--,bp
--,--,bp,rn,--,--,bb,--,--
--,--,--,--,--,--,rn,--,rp
bc,bn,--,--,--,--,--,--,--
--,rc,--,--,rb,--,--,--,--
--,--,--,--,ra,--,--,--,--
--,--,--,--,rk,ra,rb,--,--
--,--,--,--,bk,ba,bb,--,--
--,--,--,--,ba,--,bn,--,--
--,--,--,--,--,--,--,--,--
bp,--,--,--,--,--,--,--,bp
--,--,bp,rn,--,--,bb,--,rp
--,--,--,--,--,--,rn,--,--
bc,bn,--,--,--,--,--,--,--
--,rc,--,--,rb,--,--,--,--
--,--,--,--,ra,--,--,--,--
--,--,--,--,rk,ra,rb,--,--
--,--,--,--,bk,ba,bb,--,--
--,--,--,--,ba,--,bn,--,--
--,--,--,--,--,--,--,--,--
bp,--,--,--,--,--,--,--,--
--,--,bp,rn,--,--,bb,--,bp
--,--,--,--,--,--,rn,--,--
bc,bn,--,--,--,--,--,--,--
--,rc,--,--,rb,--,--,--,--
--,--,--,--,ra,--,--,--,--
--,--,--,--,rk,ra,rb,--,--
--,--,--,--,bk,ba,bb,--,--
--,--,--,--,ba,--,bn,--,--
--,--,--,--,--,--,--,--,--
bp,--,--,--,--,--,--,--,--
--,--,bp,rn,--,--,bb,--,rn
--,--,--,--,--,--,--,--,--
bc,bn,--,--,--,--,--,--,--
--,rc,--,--,rb,--,--,--,--
--,--,--,--,ra,--,--,--,--
--,--,--,--,rk,ra,rb,--,--
--,--,--,--,bk,ba,bb,--,--
--,--,--,--,ba,--,bn,--,--
--,--,--,--,--,--,--,--,--
bp,--,--,--,--,--,--,--,--
bc,--,bp,rn,--,--,bb,--,rn
--,--,--,--,--,--,--,--,--
--,bn,--,--,--,--,--,--,--
--,rc,--,--,rb,--,--,--,--
--,--,--,--,ra,--,--,--,--
--,--,--,--,rk,ra,rb,--,--
--,--,--,--,bk,ba,bb,--,--
--,--,--,--,ba,--,bn,--,--
--,--,rn,--,--,--,--,--,--
bp,--,--,--,--,--,--,--,--
bc,--,bp,--,--,--,bb,--,rn
--,--,--,--,--,--,--,--,--
--,bn,--,--,--,--,--,--,--
--,rc,--,--,rb,--,--,--,--
--,--,--,--,ra,--,--,--,--
--,--,--,--,rk,ra,rb,--,--
--,--,--,--,bk,ba,bb,--,--
--,--,--,--,ba,--,bn,--,--
--,--,rn,--,--,--,--,--,--
bp,--,--,--,--,--,--,--,--
bc,--,--,--,--,--,bb,--,rn
--,--,bp,--,--,--,--,--,--
--,bn,--,--,--,--,--,--,--
--,rc,--,--,rb,--,--,--,--
--,--,--,--,ra,--,--,--,--
--,--,--,--,rk,ra,rb,--,--
--,--,--,--,bk,ba,bb,--,--
--,--,--,--,ba,--,bn,--,--
--,--,rn,--,--,--,--,--,--
bp,--,--,--,--,--,--,--,--
bc,--,--,--,--,--,bb,--,--
--,--,bp,--,--,--,rn,--,--
--,bn,--,--,--,--,--,--,--
--,rc,--,--,rb,--,--,--,--
--,--,--,--,ra,--,--,--,--
--,--,--,--,rk,ra,rb,--,--
--,--,--,--,bk,ba,bb,--,--
--,--,--,--,ba,--,bn,--,--
--,--,rn,--,--,--,--,--,--
bp,--,--,--,--,--,--,--,--
bc,--,--,--,--,--,bb,--,--
--,--,--,--,--,--,rn,--,--
--,bn,bp,--,--,--,--,--,--
--,rc,--,--,rb,--,--,--,--
--,--,--,--,ra,--,--,--,--
--,--,--,--,rk,ra,rb,--,--
--,--,--,--,bk,ba,bb,--,--
--,--,--,--,ba,--,bn,--,--
--,--,rn,--,--,--,--,--,--
bp,--,--,--,--,--,--,--,--
bc,--,--,--,--,--,bb,--,--
--,--,--,--,--,--,--,--,--
--,bn,bp,--,rn,--,--,--,--
--,rc,--,--,rb,--,--,--,--
--,--,--,--,ra,--,--,--,--
--,--,--,--,rk,ra,rb,--,--
--,--,--,--,bk,ba,bb,--,--
--,--,--,--,ba,--,--,--,--
--,--,rn,--,--,--,--,--,--
bp,--,--,--,--,bn,--,--,--
bc,--,--,--,--,--,bb,--,--
--,--,--,--,--,--,--,--,--
--,bn,bp,--,rn,--,--,--,--
--,rc,--,--,rb,--,--,--,--
--,--,--,--,ra,--,--,--,--
--,--,--,--,rk,ra,rb,--,--
--,--,--,--,bk,ba,bb,--,--
--,--,--,--,ba,--,--,--,--
--,--,rn,--,--,--,--,--,--
bp,--,--,--,--,bn,--,--,--
bc,--,--,--,--,--,bb,--,--
--,--,--,--,--,--,--,--,--
--,bn,bp,--,rn,--,--,--,--
--,rc,--,--,rb,--,--,--,--
--,--,--,--,ra,--,--,--,--
--,--,--,rk,--,ra,rb,--,--
--,--,--,--,bk,ba,bb,--,--
--,--,--,--,ba,--,--,--,--
--,--,rn,--,--,--,--,--,--
bp,--,--,--,--,bn,--,--,--
bc,--,--,--,--,--,bb,--,--
--,--,--,--,--,--,--,--,--
--,bn,--,bp,rn,--,--,--,--
--,rc,--,--,rb,--,--,--,--
--,--,--,--,ra,--,--,--,--
--,--,--,rk,--,ra,rb,--,--
--,--,--,--,bk,ba,bb,--,--
--,--,--,--,ba,--,--,--,--
--,--,rn,--,--,--,--,--,--
bp,--,--,--,--,bn,--,--,--
bc,--,--,--,--,rn,bb,--,--
--,--,--,--,--,--,--,--,--
--,bn,--,bp,--,--,--,--,--
--,rc,--,--,rb,--,--,--,--
--,--,--,--,ra,--,--,--,--
--,--,--,rk,--,ra,rb,--,--
--,--,--,--,bk,ba,bb,--,--
--,--,--,--,ba,--,--,--,--
--,--,rn,--,--,--,--,--,--
bp,--,--,--,--,bn,--,--,--
--,--,--,--,bc,rn,bb,--,--
--,--,--,--,--,--,--,--,--
--,bn,--,bp,--,--,--,--,--
--,rc,--,--,rb,--,--,--,--
--,--,--,--,ra,--,--,--,--
--,--,--,rk,--,ra,rb,--,--
--,--,--,--,bk,ba,bb,--,--
--,--,--,--,ba,--,--,--,--
--,--,--,--,--,--,--,--,--
rn,--,--,--,--,bn,--,--,--
--,--,--,--,bc,rn,bb,--,--
--,--,--,--,--,--,--,--,--
--,bn,--,bp,--,--,--,--,--
--,rc,--,--,rb,--,--,--,--
--,--,--,--,ra,--,--,--,--
--,--,--,rk,--,ra,rb,--,--
--,--,--,--,bk,ba,bb,--,--
--,--,--,--,ba,--,--,--,--
--,--,--,--,--,--,--,--,--
rn,--,--,--,--,--,--,--,--
--,--,--,bn,bc,rn,bb,--,--
--,--,--,--,--,--,--,--,--
--,bn,--,bp,--,--,--,--,--
--,rc,--,--,rb,--,--,--,--
--,--,--,--,ra,--,--,--,--
--,--,--,rk,--,ra,rb,--,--
--,--,--,--,bk,ba,bb,--,--
--,--,--,--,ba,--,--,--,--
--,--,--,--,--,--,--,--,--
--,--,--,--,--,--,--,--,--
--,--,--,bn,bc,rn,bb,--,--
--,rn,--,--,--,--,--,--,--
--,bn,--,bp,--,--,--,--,--
--,rc,--,--,rb,--,--,--,--
--,--,--,--,ra,--,--,--,--
--,--,--,rk,--,ra,rb,--,--
--,--,--,--,bk,ba,bb,--,--
--,--,--,--,ba,--,--,--,--
--,--,--,--,--,--,--,--,--
--,--,--,--,--,--,--,--,--
--,--,--,--,bc,rn,bb,--,--
--,rn,--,--,--,--,--,--,--
--,bn,bn,bp,--,--,--,--,--
--,rc,--,--,rb,--,--,--,--
--,--,--,--,ra,--,--,--,--
--,--,--,rk,--,ra,rb,--,--
--,--,--,--,bk,ba,bb,--,--
--,--,--,--,ba,--,--,--,--
--,--,--,--,--,--,--,--,--
--,--,--,--,--,--,--,--,--
--,--,--,--,bc,rn,bb,--,--
--,--,--,--,--,--,--,--,--
--,bn,bn,rn,--,--,--,--,--
--,rc,--,--,rb,--,--,--,--
--,--,--,--,ra,--,--,--,--
--,--,--,rk,--,ra,rb,--,--
--,--,--,--,bk,ba,bb,--,--
--,--,--,--,ba,--,--,--,--
--,--,--,--,--,--,--,--,--
--,--,--,--,--,--,--,--,--
--,--,--,--,bc,rn,bb,--,--
--,--,--,--,--,--,--,--,--
--,bn,--,rn,--,--,--,--,--
--,rc,--,--,rb,--,--,--,--
--,bn,--,--,ra,--,--,--,--
--,--,--,rk,--,ra,rb,--,--
--,--,--,--,bk,ba,bb,--,--
--,--,--,--,ba,--,--,--,--
--,--,--,--,--,--,--,--,--
--,--,--,--,--,--,--,--,--
--,--,--,--,bc,rn,bb,--,--
--,--,--,--,--,--,--,--,--
--,bn,--,--,--,--,--,--,--
--,rc,--,--,rb,--,--,--,--
--,bn,rn,--,ra,--,--,--,--
--,--,--,rk,--,ra,rb,--,--
--,--,--,--,bk,ba,bb,--,--
--,--,--,--,ba,--,--,--,--
--,--,--,--,--,--,--,--,--
--,--,--,--,--,--,--,--,--
--,--,bn,--,bc,rn,bb,--,--
--,--,--,--,--,--,--,--,--
--,--,--,--,--,--,--,--,--
--,rc,--,--,rb,--,--,--,--
--,bn,rn,--,ra,--,--,--,--
--,--,--,rk,--,ra,rb,--,--
--,--,--,--,bk,ba,bb,--,--
--,--,--,--,ba,--,--,--,--
--,--,--,--,--,--,--,--,--
--,--,--,--,--,--,--,--,--
--,--,bn,--,bc,rn,bb,--,--
--,--,rb,--,--,--,--,--,--
--,--,--,--,--,--,--,--,--
--,rc,--,--,--,--,--,--,--
--,bn,rn,--,ra,--,--,--,--
--,--,--,rk,--,ra,rb,--,--
--,--,--,--,bk,ba,bb,--,--
--,--,--,--,ba,--,--,--,--
--,--,--,--,--,--,--,--,--
--,--,--,--,--,--,--,--,--
--,--,--,--,bc,rn,bb,--,--
--,--,rb,--,bn,--,--,--,--
--,--,--,--,--,--,--,--,--
--,rc,--,--,--,--,--,--,--
--,bn,rn,--,ra,--,--,--,--
--,--,--,rk,--,ra,rb,--,--
--,--,--,--,bk,ba,bb,--,--
--,--,--,--,ba,--,--,--,--
--,--,--,--,--,--,--,--,--
--,--,--,--,--,--,--,--,--
--,--,--,--,bc,rn,bb,--,--
--,--,rb,--,bn,--,--,--,--
--,--,--,--,--,--,--,--,--
--,--,--,--,rc,--,--,--,--
--,bn,rn,--,ra,--,--,--,--
--,--,--,rk,--,ra,rb,--,--
